{
    "graph_fusion": {
        "ConvToFullyConnectionFusionPass": {
            "effect_times": "0",
            "match_times": "20"
        },
        "ConvWeightCompressFusionPass": {
            "effect_times": "0",
            "match_times": "21"
        },
        "RefreshInt64ToInt32FusionPass": {
            "effect_times": "1",
            "match_times": "1"
        },
        "TransdataCastFusionPass": {
            "effect_times": "0",
            "match_times": "43"
        }
    },
    "session_and_graph_id": "0_0",
    "ub_fusion": {
        "TbeAippCommonFusionPass": {
            "effect_times": "1",
            "match_times": "1"
        },
        "TbeCommonRules0FusionPass": {
            "effect_times": "19",
            "match_times": "19"
        }
    }
}