{
    "graph_fusion": {
        "AAMatMulNzToNdFusionPass": {
            "effect_times": "0",
            "match_times": "1"
        },
        "BatchNormPreprocessFusionPass": {
            "effect_times": "52",
            "match_times": "52"
        },
        "ConvBatchnormFusionPass": {
            "effect_times": "52",
            "match_times": "52"
        },
        "ConvToFullyConnectionFusionPass": {
            "effect_times": "0",
            "match_times": "52"
        },
        "ConvWeightCompressFusionPass": {
            "effect_times": "0",
            "match_times": "53"
        },
        "MatMulBiasAddFusionPass": {
            "effect_times": "1",
            "match_times": "1"
        },
        "RefreshInt64ToInt32FusionPass": {
            "effect_times": "1",
            "match_times": "1"
        },
        "TBEConvAddFusion": {
            "effect_times": "5",
            "match_times": "10"
        },
        "TransdataCastFusionPass": {
            "effect_times": "0",
            "match_times": "56"
        },
        "TransposedUpdateFusionPass": {
            "effect_times": "17",
            "match_times": "17"
        }
    },
    "session_and_graph_id": "0_0",
    "ub_fusion": {
        "TbeAippCommonFusionPass": {
            "effect_times": "1",
            "match_times": "1"
        },
        "TbeCommonRules0FusionPass": {
            "effect_times": "44",
            "match_times": "44"
        }
    }
}