{
    "graph_fusion": {
        "ConcatCToNOptimizeFusionPass": {
            "effect_times": "4",
            "match_times": "4"
        },
        "ConvBatchnormFusionPass": {
            "effect_times": "72",
            "match_times": "72"
        },
        "ConvConcatFusionPass": {
            "effect_times": "0",
            "match_times": "4"
        },
        "ConvScaleFusionPass": {
            "effect_times": "72",
            "match_times": "72"
        },
        "ConvToFullyConnectionFusionPass": {
            "effect_times": "0",
            "match_times": "75"
        },
        "ConvWeightCompressFusionPass": {
            "effect_times": "0",
            "match_times": "75"
        },
        "RefreshInt64ToInt32FusionPass": {
            "effect_times": "1",
            "match_times": "1"
        },
        "SplitConvConcatFusionPass": {
            "effect_times": "0",
            "match_times": "4"
        },
        "StrideHoistingPass": {
            "effect_times": "0",
            "match_times": "72"
        },
        "TransdataCastFusionPass": {
            "effect_times": "0",
            "match_times": "78"
        },
        "YoloPass": {
            "effect_times": "3",
            "match_times": "3"
        },
        "YoloV3DetectionOutputV2Pass": {
            "effect_times": "1",
            "match_times": "1"
        },
        "ZConcatDFusionPass": {
            "effect_times": "0",
            "match_times": "4"
        }
    },
    "session_and_graph_id": "0_0",
    "ub_fusion": {
        "TbeAippCommonFusionPass": {
            "effect_times": "1",
            "match_times": "1"
        },
        "TbeCommonRules0FusionPass": {
            "effect_times": "71",
            "match_times": "71"
        }
    }
}